,Unnamed: 0,Date,User,Tweet_id,Tweet
191,191,2022-04-17 11:00:06+00:00,ag_othe,1515646278956470274,"fenomeni autoimmuni di nuova insorgenza dopo la vaccinazione COVID-19
‚Ä¢ trombocitopenia trombotica immunitaria,
‚Ä¢ malattie autoimmuni del fegato,
‚Ä¢ sindrome di Guillain-Barr√©,
‚Ä¢ nefropatia da IgA,
‚Ä¢ artrite reumatoide e
‚Ä¢ lupus eritematoso sistemico)
https://t.co/xiPcnZWVb4"
439,439,2022-04-17 16:15:37+00:00,LongCovidItalia,1515725678229999625,@silvia_campioni @StefanoBerto83 @pgallir @Antonio_Caramia @lucacozzuto @pietro_dav @AurelianoStingi @docdrugztore @LazzariAmbrogio @salvo_fedele @chrisAlkatrAzz @DocMicheleFiore @istsupsan @VirusesImmunity @elisaperego78 Anche per noi √® stata sempre ipotesi e non certezza. ci teniamo alla ricerca bio-medica e siamo noi che con il contributo del nostro corpo abbiamo fatto avanzare la comprensione di #LongCOVID e #COVID19 CC @elisaperego78 @docdrugztore @Antonio_Caramia @FranceskoNew
526,526,2022-04-17 18:07:55+00:00,dolcestellina75,1515753939735617543,"Ma anche a voi il #COVID19 ha dato tanta stanchezza? Io non riesco a stare in piedi oggi, tutti gli altri sintomi sono passati ma la stanchezza noüò¢"
585,585,2022-04-17 19:40:09+00:00,Gra_Gass,1515777151718637574,Cardiologo con pi√π di 30 anni di esperienza ospedaliera che ammette di non aver mai assistito a tanti effetti collaterali dopo vaccino! Questo √® il suo profilo FB! #nessunacorrelazione #COVID19 #vaccino
858,858,2022-04-24 09:44:27+00:00,Terra2itter,1518163952722759680,Quindi pu√≤ non essere minimamente correlato oppure una conseguenza a lungo termine del COVID ‚Äúasintomatico‚Äù.
1088,1088,2022-04-24 14:42:56+00:00,VociAvverse,1518239068152373249,"In questo episodio presentiamo la testimonianza di Barbara Paolini, 70 anni, di Pisa, Toscana, che ci racconta la sua diagnosi di Sindrome di #GuillainBarr√© in seguito alla vaccinazione #Janssen Johnson&amp;Johnson.

#reazioniavverse #vaccino #COVID19 

https://t.co/wr3gYOhRjy"
1134,1134,2022-04-24 15:10:39+00:00,LongCovidItalia,1518246044005449728,"""#COVID19  e üíó: non risparmia nessuno""
""Nuovi dati hanno rivelato che chiunque sia stato infettato √® a maggior rischio di problemi cardiaci, inclusi coaguli, infiammazioni e aritmie, un rischio che PERSISTE anche in persone relativamente sane"" #LongCOVID https://t.co/TvDuQVUsG7"
1211,1211,2022-04-24 16:45:58+00:00,SilvestriP,1518270033029443584,"Covid in Italia, Bollettino del 24 aprile 2022: 56.263 nuovi casi e 79 morti
#COVID„Éº19 #COVID_19 #Covid19 #LongCovid   #supergreenpass #Novax #Omicron #Omicron2 #terzadose #ObbligoVaccinale #Milano #Roma #Vaccini #Vaccination #Vaccinati

https://t.co/d4E34cZvyE"
1264,1264,2022-04-24 18:02:33+00:00,Diesira3,1518289305302667268,"@FrancaGuerro @CoachYannick @LaBombetta76 @IlariaBifarini Siete fenomenali, veramente. Tanta apprensione per i presunti effetti a lungo termine dei vaccini e zero preoccupazioni sugli effetti a lungo termine del #COVID19."
1294,1294,2022-04-24 18:49:40+00:00,Minu41984,1518301161782222848,@MinisteroSalute @robersperanza @redazioneiene @Striscia aiutateci a far inserire la Sindrome da cisti di #tarlov nella lista delle malattie rare #malattierare
1449,1449,2022-05-01 04:17:00+00:00,GIACOMO27091968,1520618264040296448,"@flayawa SARS-CoV-2, coronavirus e la sindrome da covid19, 
passer√† alla storia come una delle pi√π grandi frodi per manipolare l‚Äôeconomia, sopprimere il dissenso e spingere per rendere i farmaci obbligatori."
1876,1876,2022-05-01 14:02:45+00:00,BIIOSystem_ITA,1520765670690021380,"[#LongCovid: ecco il Protocollo Naturale secondo la Scienza]

La stragrande maggioranza dei pazienti #COVID19  sperimenta #affaticamento, stanchezza estrema e sintomi che persistono oltre la fase attiva della malattia.

#paleo #paleodiet #melatonina 

https://t.co/hH1Qmew3x6"
1989,1989,2022-05-01 15:52:52+00:00,FranceskoNew,1520793386466394114,"Non volevano che dicessimo che:
üìå#COVIDisAirborne
üìåTUTTI hanno bisogno di üò∑üìå#OnlyVax non funzioner√°o
üìånon esiste immunit√† di üêë#Covid19
üìåuna certa % svilupper√† #LongCovid 
 ...
E infatti inüáÆüáπnon √® stato detto!
Grazie @Quirinale @Palazzo_Chigi @robersperanza @istsupsan!
üëá"
2046,2046,2022-05-01 16:31:06+00:00,e_Avversi,1520803006505181187,"Il dottor Robert Malone spiega la nuova sindrome da immunodeficienza acquisita ‚Äì VIDEO                                      

https://t.co/CazTTTreyn

#COVID19 
#AIDS 
#vaccini 
#QUARTADOSE https://t.co/dt3dEequly"
2048,2048,2022-05-01 16:31:45+00:00,ParliamoDiNews,1520803169772707847,Il dottor Robert Malone spiega la nuova sindrome da immunodeficienza acquisita - VIDEO - eVenti Avversi #covid19 #eventiavversi #News #richiami #RobertMalone #Sindromedaimmunodeficienzaacquisita #studi #vaccinicovid  https://t.co/SpaT8TK3FW
2078,2078,2022-05-01 16:57:46+00:00,greenpassnews,1520809719006433281,Le emergenze cardiovascolari in Israele sono aumentate del 25% dopo il lancio del vaccino COVID-19 ‚Äì https://t.co/C5eQcHZAbP - https://t.co/gyTQnIxS4P emergenze cardiova... https://t.co/SSbOxrcfR7
2141,2141,2022-05-01 18:00:57+00:00,Curandera83,1520825617238970371,"Quindi i non vaccinati non sono morti, ma in compenso i vaccinati hanno compromesso il proprio sistema immunitario e cardiovascolare per sfuggire da un'influenza che hanno comunque preso.

Un successonr.
#COVID19"
2175,2175,2022-05-01 18:56:44+00:00,GIACOMO27091968,1520839654307766273,"@SaverioMascaro SARS-CoV-2, coronavirus e la sindrome da covid19, 
passer√† alla storia come una delle pi√π grandi frodi per manipolare l‚Äôeconomia, sopprimere il dissenso e spingere per rendere i farmaci obbligatori."
2195,2195,2022-05-01 19:49:22+00:00,ScuolaNoCovid,1520852903342182400,"Thread molto puntiale sui rischi del Covid che ci sono (anche se √® molto pi√π comodo pensare che non ci siano) e che non vanno sottovalutati!
#scuola #covid19 #LongCovidKids"
2517,2517,2022-05-08 11:07:06+00:00,EBamusement,1523258182856224768,"Cos'√® il #LongCOVID? ¬´Ve lo racconto ""in diretta""¬ª https://t.co/X6xQxI9Pbi x quelli come il marito della mia commercialista che x non fare il vaccino √® dopo 30 tamponi si √® fatto infettare apposta.A me come #LongCOVID √© andata meglio solo 8 mesi e 3 Tac resta solo un po'di fiacca"
2869,2869,2022-05-08 17:02:27+00:00,SilvestriP,1523347612476141569,"Covid in Italia, Bollettino dell'8 maggio 2022: 30.804 nuovi casi e 72 morti
#COVID„Éº19 #COVID_19 #Covid19 #LongCovid #supergreenpass #Novax #Omicron #Omicron2 #terzadose #mascherina #ObbligoVaccinale #Milano #Roma #Vaccini #Vaccination #Vaccinati
https://t.co/t5WxrVBn2n"
2902,2902,2022-05-08 17:34:59+00:00,greenpassnews,1523355799162331136,Lo studio rileva pi√π del 25% di aumento degli eventi cardiovascolari di emergenza nella fascia di et√† 16-39 durante l'introduzione della vaccinazione COVID-19 in Israele - https://t.co/C1Tf8HSvzl... https://t.co/H324crAnFM
2911,2911,2022-05-08 17:48:39+00:00,polosovrano,1523359238667481091,Covid-19: tassello dopo tassello si riprende a ragionare: https://t.co/xL84o9lPqF 24 mesi di cattiva gestione sanitaria #COVID #Governo #Speranza #speranzadimettiti #DraghiRiferiscaInParlamento #COVID19 #Sanit√† #resistenza #LongCOVID #medici #pfizer #vaccini #omicron #crisanti
2938,2938,2022-05-08 18:33:57+00:00,v4leri4Moon,1523370638122962944,"@ricpuglisi Io ho una sindrome autoimmune ho spesso portato la mascherina prima del Covid19, e ho sempre notato gli sguardi di ignoranti cone lei"
3162,3162,2022-05-15 07:20:01+00:00,Infermiere_line,1525737752041496583,#Coronavirus e #SindromeInfiammatoria nei bambini: scoperti i meccanismi @NurseTimes | #ECM https://t.co/rnFonwNTMp
3219,3219,2022-05-15 08:56:03+00:00,Luca_Scialo81,1525761921282101248,Quasi 8mila bambini con Sindrome infiammatoria multisistemica: sospetti sul vaccino https://t.co/Vze3hl9mc0 #COVID19 #vaccini
3230,3230,2022-05-15 09:17:52+00:00,OMEOPATIASIMOH,1525767410636177411,Aumento di oltre il 25% degli eventi cardiovascolari emergenziali nella popolazione di et√† inferiore ai 40 anni in Israele durante l‚Äôintroduzione del vaccino e la terza ondata di Covid-19 ? https://t.co/3R9EX9ckid https://t.co/RkGscg135S
3493,3493,2022-05-15 14:54:11+00:00,docdrugztore,1525852044606771207,"Carissimo amico che ha avuto la #COVID19 tra settembre e ottobre 2020, con ricovero in ospedale - qualcuno che mi segue da allora forse ricorder√† - soffre ancora di #LongCovid üò©"
3712,3712,2022-05-15 19:40:05+00:00,19_luis72,1525923995480215556,Djokovic vince a Roma! Il #longcovid √® una vergognosa invenzione per mascherare ben altri problemi!
3734,3734,2022-05-15 20:24:18+00:00,Stefano02834209,1525935124503838721,"SARS cov 2 sembrerebbe alla base delle epatiti severe nei bambini.... Forse buttare le mascherine e gridare tana liberi tutti potrebbe NON essere la cosa pi√π intelligente da fare con un virus di cui non conosciamo gli effetti a lungo termine. #COVID19 

https://t.co/AHh32j8n8d"
3842,3842,2022-05-22 05:30:01+00:00,UnivadisItalia,1528246783926849536,"QUIZ - #COVID19: dovremmo preoccuparci delle complicanze cardiovascolari a lungo termine?
https://t.co/9m52OHkEJV https://t.co/OK2XvjrywH"
3935,3935,2022-05-22 08:34:36+00:00,YanezPeter,1528293238037258240,"@imballoionico @ettoreb74 @twinky33 @iannetts70 @GuidoAnzuoni @Ciufy @HAL9MILA 1) prima del 2020 non si moriva di #COVID19  

2) per ora sono morte 166K persone di #covid

3) a fine anno i morti covid per il 2022 saranno circa 50K

4) #Covid non √® solo morte, √® anche #LongCovid, continue reinfezioni, rischio VOC , danni collaterali 

Incredibile eh

ü§∑‚Äç‚ôÇÔ∏è"
4009,4009,2022-05-22 10:54:39+00:00,OlivierSolaro,1528328479065968640,"Da cardiologo in 30 anni non ho mai visto nei giovani un numero cos√¨ alto di miocarditi e trombosi del micro circolo coronarico: escludere la correlazione con il vaccino COVID19 √® un grave errore clinico. Poi ci sono gli effetti a medio-lungo termine.

Prof. Giuseppe Barbaro https://t.co/3gsiLbdIgt"
4045,4045,2022-05-22 11:57:57+00:00,Daniela53319730,1528344411356250112,"üîµüîµ VACCINI COVID, I DANNI A MEDIO-LUNGO TERMINE

Da cardiologo, in 30 anni di esperienza non ho mai visto nei giovani un numero cos√¨ alto di miocarditi e trombosi del micro circolo coronarico: escludere la correlazione con il vaccino COVID19 √® un grave errore clinico.

Il prof https://t.co/KwvK6oVVf7"
4277,4277,2022-05-22 17:00:57+00:00,BiancaOSantos,1528420664197226496,"AVOID ALL THE PARANOIA.
#COVIDisAirborne #LongCovid #CovidIsNotOver #WearAMask #MonkeypoxVirus # https://t.co/eLlJ6w0ieX"
4298,4298,2022-05-22 17:32:18+00:00,Anna302478978,1528428553175449600,"Da cardiologo, in 30 anni di esperienza non ho mai visto nei giovani un numero cos√¨ alto di miocarditi e trombosi del micro circolo coronarico: escludere la correlazione con il V.COVID19 √® un grave errore clinico.
Il prof. G. Barbaro (specialista Medicina interna e Cardiologia):"
4328,4328,2022-05-22 18:38:54+00:00,SilvestriP,1528445313488388100,"Covid in Italia, Bollettino del 22 maggio 2022: 17.744 nuovi casi e 34 morti
#COVID„Éº19 #COVID_19 #Covid19 #LongCovid #supergreenpass #Novax #Omicron #Omicron2 #terzadose #mascherina #ObbligoVaccinale #Milano #Roma #Vaccini #Vaccination #Vaccinati
https://t.co/B41aPBhr8a"
4376,4376,2022-05-22 19:51:52+00:00,mainagioiaCCLB,1528463677715845120,"üá∫üá∏ #vaccini piu di 30 compagnie aeree, migliaia di piloti e 17mila medici chiedono stop #obbligovaccinale dei #piloti per problemi cardiocircolatori e neurologici. #COVID19 #vaccini
https://t.co/CcmsqoU4Jp"
4532,4532,2022-05-29 08:56:24+00:00,Massimi40945796,1530835439023804416,"@carlo_m1982 @StefanoBerto83 @BarbagianStein @Patriziapattys @ScuolaNoCovid @ideascuola Carlo, anche se il Covid viene in forma leggera ai bimbi, pu√≤ lasciare strascichi cronici preoccupanti postCovid tipo LongCovid e MIS-C, specie se non sono vaccinati.
Lo dice OMS in intervista video del 15 maggio 2022, per questo serve aria SANA a SCUOLA:
https://t.co/fm3z5ZCUOQ"
4604,4604,2022-05-29 11:18:17+00:00,MariaDellaMoni6,1530871142843547648,I rapporti pubblicati dal governo del Canada suggeriscono fortemente che sia la popolazione vaccinata con tre dosi che quella doppiamente vaccinata in tutto il Canada sta sviluppando la sindrome da immunodeficienza acquisita indotta dal vaccino covid-19 ( #VAIDS ).
5037,5037,2022-05-29 20:54:46+00:00,SilvestriP,1531016222124408833,"Covid in Italia, Bollettino del 29 maggio 2022: 14.826 nuovi casi e 27 morti
#COVID„Éº19 #COVID_19 #Covid19 #LongCovid #supergreenpass #Novax #Omicron #Omicron2 #terzadose #mascherina #ObbligoVaccinale #Milano #Roma #Vaccini #Vaccination #Vaccinati

https://t.co/Mstq2At2kW"
5181,5181,2022-06-05 07:11:13+00:00,ParliamoDiNews,1533345681330655233,"Covid, lo studio tedesco: `Esposizione a lungo termine all`inquinamento legata a rischio pi√π alto di malattia grave` - Il Fatto Quotidiano #Coronavirus @istsupsan #Inquinamento #InquinamentoAtmosferico #5giugno https://t.co/Kw8ysHtZJv"
5184,5184,2022-06-05 07:14:00+00:00,FranceskoNew,1533346381208899584,"Si √® volutamente deciso di non affrontare #COVID19, con l'alibi del vaccino, e tanto e mild, e #LongCovid √® roba da fissati o al pi√π misteriosa e nulla possiamo farci...
Stesso copione che si sta applicando a #monkeypox.
C'√® un grosso problema a monte,e non √® costituito dai virus"
5205,5205,2022-06-05 08:03:03+00:00,Antonio_Caramia,1533358727004360704,"Il problema non √® (tanto) il virus, quanto la propaganda minimizzatrice che spinge in tutti i modi a dire che il #COVID19 o il #LongCovid non esiste. üëá"
5576,5576,2022-06-05 16:20:00+00:00,VillaDonatello,1533483787094396928,"SIMPOSIO - IL #LongCovid: aspetti internistici del paziente a domicilio e in ambulatorio 2¬∞ parte
""Cos'√® il Long Covid - Dott. Filippo Pieralli - Azienda Ospedaliero-Universitaria Careggi #Firenze

https://t.co/VUAzEKglnh 

#medicina #COVID19 #salute"
5731,5731,2022-06-05 20:08:03+00:00,SilvestriP,1533541180746645511,"Covid in Italia, Bollettino del 5 giugno 2022: 15.082 nuovi casi e 27 morti
#COVID„Éº19 #COVID_19 #Covid19 #LongCovid #supergreenpass #Novax #Omicron #Omicron2 #terzadose #mascherina #ObbligoVaccinale #Milano #Roma #Vaccini #Vaccination #Vaccinati
https://t.co/QB8JyhSakm"
5824,5824,2022-06-12 04:54:15+00:00,miridesant,1535847930250280961,"A giugno?
Influenza cronica ?
Un successone la campagna vaccinale!
#COVID19 #vaccino 
#novax"
5860,5860,2022-06-12 06:47:31+00:00,dionisia_app,1535876433771372552,"I sieri genici sperimentali, spacciati per #vaccini contro la #COVID19, spacciata per malattia pandemica, stanno uccidendo migliaia di persone in tutto il mondo, anche dopo pi√π di un anno dalla loro somministrazione. Questa sindrome non colpir√† la #Russia, perch√© li ha respinti"
5936,5936,2022-06-12 09:31:00+00:00,FranceskoNew,1535917573539340288,"@Massimi40945796 @StefanoBerto83 @DocMicheleFiore Il discorso su #COVID19 √® da tempo politico ormai;inutile girarci attorno:il quadro complessivo sui danni, anche sistemici e a lungo termine,causati da #SarsCov2 sono sostanzialmente chiari,e ci son tutti i presupposti per essere pre-occupati. L'üåàottimismoü¶Ñ √® ideologia politica"
5940,5940,2022-06-12 09:36:33+00:00,docdrugztore,1535918970108366848,"‚ÄúLa #COVID19 e il cuore: non risparmia nessuno.‚Äù
Le conseguenze a lungo termine che in troppi cercano di nascondere e/o minimizzano per ragioni politiche, chiamate anche #LongCovid, sono una realt√† con cui troppe persone dovranno fare i conti."
6120,6120,2022-06-12 14:37:46+00:00,mar40248589,1535994777191186432,"Strage ..

45.316 morti 4.416.778 feriti in seguito ai vaccini COVID-19 nel database europeo delle reazioni avverse ‚Äì La sindrome della morte improvvisa degli adulti (SADS) √® una nuova categoria per negare i decessi da vaccino https://t.co/8fx9oB9LJG"
6124,6124,2022-06-12 14:42:17+00:00,Adriano72197026,1535995911456923649,"Strage ..üíâüíâüíâ‚ò†Ô∏è

45.316 morti 4.416.778 feriti in seguito ai vaccini COVID-19 nel database europeo delle reazioni avverse ‚Äì La sindrome della morte improvvisa degli adulti (SADS) √® una nuova categoria per negare i decessi da vaccino https://t.co/HY4HHnsfDK"
6142,6142,2022-06-12 14:56:09+00:00,StefanoBerto83,1535999403533664263,"Altri dati su Epatite acuta.

- 5 bambini
- negativi per adenovirus 
- 4 hanno avuto COVID-19 moderato
- 1 positivo agli anticorpi SARS

Ipotesi: 
Reazione autoimmune post-infezione O suscettibilit√† differente ad altri virus post-covid. 

https://t.co/5d036Jwia4"
6201,6201,2022-06-12 16:02:53+00:00,infinitotutto,1536016197703061504,"L'anno scorso ho fatto tre dosi evviva, nel mondo come stiamo? 
#COVID19 #vaccination #vaccino
#Pfizer ho la diarrea cronica, vabb√®.

Da vaccino a vaiolo √® un attimo! Grano ne abbiamo o lo piantiamo un po'? Giusto la farina per due ciambelloni che nel latte d'avena ci sta bene..."
6220,6220,2022-06-12 16:19:18+00:00,dianacalibana,1536020326173351939,"Due neonati di 3 e 5 mesi =&gt; trapianto di fegato. 2 bambini di 8 anni e 1 di 13. #LongCovidLiver L'epatite non √® pi√π misteriosa.

Long COVID-19 Liver Manifestation in Children : Journal of Pediatric Gastroenterology and Nutrition https://t.co/1iKttwDabk"
6271,6271,2022-06-12 17:27:43+00:00,SilvestriP,1536037545431154691,"Covid in Italia, Bollettino del 12 giugno 2022: 18.678 nuovi casi e 26 morti
#COVID„Éº19 #COVID_19 #Covid19 #LongCovid #supergreenpass #Novax #Omicron #Omicron2 #terzadose #mascherina #ObbligoVaccinale #Milano #Roma #Vaccino #Vaccination #Vaccinati

https://t.co/Iikl34DRj0"
