,Unnamed: 0,Date,User,Tweet_id,Tweet
150,150,2021-09-05 06:49:51+00:00,ciociana,1434408416160649216,@bearbops Ti pu√≤ anche essere utile leggere questo...inquietante. Nella seconda colonna il penultimo effetto avverso la sindrome infiammatoria multisistemica √® stata da qualche giorno inserita dall‚ÄôEMA tra i possibili effetti avversi. Mi raccomando fremi per l‚Äôobbligo!!!
302,302,2021-09-05 07:59:52+00:00,InformazioneOg,1434426036985401345,"Pfizer e il vaccino: possibile sindrome infiammatoria, l‚ÄôEma indaga 
#Pfizer #vaccino #EMA  #salute
https://t.co/8FO9p0UTcP"
334,334,2021-09-05 08:17:27+00:00,piersar62,1434430462320074758,"I vaccini COVID-19 probabilmente forniranno protezione a lungo termine contro malattie gravi e la morte, gli effetti sul blocco dell'infezione sono incompleti e molto transitori. Quindi non vi √® alcun vantaggio collettivo da compensare con il danno individuale ai bambini.
4/5"
337,337,2021-09-05 08:19:59+00:00,docdrugztore,1434431101548830722,"Chi vuole FATTI su bambini e #Covid19?
Quasi tutti i bambini finiranno per infettarsi se non saranno vaccinati.
Di quelli che si infetteranno:
- 1 su 14 (ma recenti studi dicono 1/7) prenderanno #LongCovid
- 1 su 100 sar√† ricoverato
- 1 su 20.000 morir√†.
#ProtectTheKids #SARSCoV2"
343,343,2021-09-05 08:22:34+00:00,piersar62,1434431748906135555,"Rischi e decessi di COVID-19 per i giovani sono minimi.
0,17  per 100.000 abitanti'. I rischi a lungo termine dei nuovi vaccini COVID-19 su una popolazione di milioni di bambini sono al momento sconosciuti""...

S. Gupta, epidemiologo
C. Heneghan, NHS
A. Giubilini, ricercatore
5/5"
352,352,2021-09-05 08:27:11+00:00,Antonio_Caramia,1434432913634910214,"üö®Questi i numeri relativi al #COVID19 ed ai #bambini se non si offre loro un #vaccino.

Tra i bambini che si contageranno:

ü§í 1 su 14 svilupper√† #LongCovidKids
üè• 1 su 100 sar√† ospedalizzato
‚ö∞Ô∏è 1 su 20.000 morir√†"
378,378,2021-09-05 08:44:24+00:00,PapagniGrace,1434437244518117376,Questa cosa √® raccapricciante e il nostro Governo senza avere idea delle conseguenze a medio o lungo termine continua con le sue restrizioni in che mondo viviamo? https://t.co/UoS17KiDc1
621,621,2021-09-05 11:02:53+00:00,HodajahL,1434472095212257284,"In particolare, la coorte era caratterizzata da un alto tasso di comorbilit√† che predispongono a COVID-19 grave, tra cui ipertensione (108; 71%), diabete (73; 48%), insufficienza cardiaca congestizia (41; 27%), rene cronico. e malattie polmonari (37; 24% ciascuna), demenza"
652,652,2021-09-05 11:19:14+00:00,tamistars,1434476211925884931,"Le statistiche sul #LongCovid nei bambini sono desolanti 
üò¢ https://t.co/W3uWfta58m"
891,891,2021-09-05 13:14:13+00:00,EmmaKump,1434505148559155205,"@Antonio_Caramia @docdrugztore @MauroV1968 Nulla si conosce su eventi avversi gravi a medio e lungo termine (nessuna notizia sulla genotossicit√†, nessuna notizia sulla carcinogenesi) del vaccino per la #COVID19 perch√© NON CI SONO STUDI !!"
993,993,2021-09-05 14:05:48+00:00,Gianniallu,1434518127681884165,"@bisagnino Rischi complicanze covid-19 per i ragazzi minorenni = 0 (zero) 

Rischi complicanze vax a lungo termine = non si conoscono gli effetti a medio ed a lungo termine del vax"
1862,1862,2021-09-05 19:52:21+00:00,igor57092488,1434605338859393025,"@maurizio1999 @MMmarco0 Tra i bambini infetti:
ü§í 1 su 14 soffriranno sintomi a lungo termine 
üè• 1 su 100 saranno ospedalizzati 
‚ö∞Ô∏è 1 su 20,000 moriranno"
2032,2032,2021-09-05 21:25:52+00:00,elisaperego78,1434628876739694603,"@EmmaKump @MartaEsperti @docdrugztore @Antonio_Caramia @MauroV1968 @LongCovidItalia @apresj20 @LongCovidSOS @LongCovidKids @LongCOVIDPhysio @LongCovidNL @LongCovidCanada @long_covid @LongCovidCH I dati su #LongCovidKids sono ormai numerosissimi.
Molti dei primi pazienti di Wuhan non erano anziani. Molti sono ancora malati.
Bambini e giovani con malattia COVID-19 (anche con polmonite) erano noti gia' a gennaio 2020

@TheLancet 24 gennaio 2020 per esempio"
2121,2121,2021-09-05 22:39:32+00:00,lucalaurenti12,1434647414418415616,"@borghi_claudio @francesco_decio @liberalmatteo Onorevole stavo leggendo il ""Risk Management Plan for COVID-19 mRNA vaccine"" dell'EMA (circa 80 pagine).
Si dice chiaramente che √® experimental, che non si conoscono gli effetti a lungo termine e sulle donne incinta ecc ecc https://t.co/uWoPvn4fte"
2539,2539,2021-08-29 08:25:47+00:00,Euro_comunica,1431895847004999682,"Vaccini per i bambini, a Londra tante le manifestazioni
https://t.co/l1ypEvIaS2
#COVID19 #pandemia #London #LongCovidKids #KidsB4COVID #COVID #vaccinoobbligatorio #VacciniCovid #Uk #UnitedKingdom #manifestazione #pandemic #coronavirus #Eurocomunicazione #scuola #Salute"
2578,2578,2021-08-29 08:38:06+00:00,E9P34zsUBDe3KJb,1431898943827361795,@Mela09061860 @GiovanniToti L'impaziente introduzione del vaccino contro la coronavirus porter√† effetti negativi a lungo termine!  Causer√† danni secondari a causa dell'effetto ADE (potenziamento dipendente dall'anticorpo ) e persino render√† il vaccino pi√π dannoso del virus stesso
2580,2580,2021-08-29 08:39:13+00:00,E9P34zsUBDe3KJb,1431899226032775168,@Silvy6701 @lilith975 L'impaziente introduzione del vaccino contro la coronavirus porter√† effetti negativi a lungo termine!  Causer√† danni secondari a causa dell'effetto ADE (potenziamento dipendente dall'anticorpo ) e persino render√† il vaccino pi√π dannoso del virus stesso https://t.co/i1jaHBCsCO
2583,2583,2021-08-29 08:40:09+00:00,E9P34zsUBDe3KJb,1431899462402707456,@DiPint3 @lilith975 L'impaziente introduzione del vaccino contro la coronavirus porter√† effetti negativi a lungo termine!  Causer√† danni secondari a causa dell'effetto ADE (potenziamento dipendente dall'anticorpo ) e persino render√† il vaccino pi√π dannoso del virus stesso https://t.co/9I8bZ4XlmC
2585,2585,2021-08-29 08:41:02+00:00,E9P34zsUBDe3KJb,1431899682427506692,@repubblica L'impaziente introduzione del vaccino contro la coronavirus porter√† effetti negativi a lungo termine!  Causer√† danni secondari a causa dell'effetto ADE (potenziamento dipendente dall'anticorpo ) e persino render√† il vaccino pi√π dannoso del virus stesso https://t.co/0XfvRhtqpf
2596,2596,2021-08-29 08:46:52+00:00,E9P34zsUBDe3KJb,1431901152342335491,@Signorasinasce @lilith975 L'impaziente introduzione del vaccino contro la coronavirus porter√† effetti negativi a lungo termine!  Causer√† danni secondari a causa dell'effetto ADE (potenziamento dipendente dall'anticorpo ) e persino render√† il vaccino pi√π dannoso del virus stesso. https://t.co/FF8NmDoZ7O
2597,2597,2021-08-29 08:47:51+00:00,E9P34zsUBDe3KJb,1431901396408967170,@LaVeritaWeb L'impaziente introduzione del vaccino contro la coronavirus porter√† effetti negativi a lungo termine!  Causer√† danni secondari a causa dell'effetto ADE (potenziamento dipendente dall'anticorpo ) e persino render√† il vaccino pi√π dannoso del virus stesso. https://t.co/98NwhTAINU
2598,2598,2021-08-29 08:49:38+00:00,E9P34zsUBDe3KJb,1431901846281625602,@HuffPostItalia L'impaziente introduzione del vaccino contro la coronavirus porter√† effetti negativi a lungo termine!  Causer√† danni secondari a causa dell'effetto ADE (potenziamento dipendente dall'anticorpo ) e persino render√† il vaccino pi√π dannoso del virus stesso. https://t.co/kKztEHGUs2
2603,2603,2021-08-29 08:50:22+00:00,E9P34zsUBDe3KJb,1431902030109548549,@rodcostakiwi @lilith975 L'impaziente introduzione del vaccino contro la coronavirus porter√† effetti negativi a lungo termine!  Causer√† danni secondari a causa dell'effetto ADE (potenziamento dipendente dall'anticorpo ) e persino render√† il vaccino pi√π dannoso del virus stesso. https://t.co/Zn2W7Tl6bT
2699,2699,2021-08-29 09:25:22+00:00,SimonaG70840480,1431910840568107012,"√à vero, lo avevano detto da subito...  #COVID19 √® da prendere sul serio e anche la possibile #LongCovid che pu√≤ impedirti di vivere la tua vita come facevi prima..."
2785,2785,2021-08-29 10:09:26+00:00,AIRAODV,1431921929548664833,"FIBROMIALGIA E COLLEGAMENTO CON LA SINDROME POST COVID-19.
La sindrome che si manifesta dopo la malattia COVID-19 acuta (PACS) √® un'entit√† emergente caratterizzata da una vasta gamma di manifestazioni, compresi disturbi..https://t.co/fJsOGTewte https://t.co/adjhevyeLU"
2944,2944,2021-08-29 11:40:46+00:00,Salvato00506710,1431944912795283459,"@Antonino572 @BarbaraRaval La Ivermectina, con Lactoferrina e l'idrossiclorichina con Vitamina C √® D, Sono Soluzioni Anti Covid19, Senza INOCULARSI il presunto Spacciato Vaccino Che le stesse Case Farmaceutiche dichiarano di non conoscere gli effetti ha lungo termine e se non basta dopo due Dosi la Terza"
3111,3111,2021-08-29 13:27:52+00:00,SimonaG70840480,1431971867401891843,"Avere #covid19 asintomatico non vuol dire ""averla scampata"", purtroppo.
#LongCovid"
3181,3181,2021-08-29 13:53:25+00:00,laura_levanti,1431978298335272961,"@Fiamma_74 @Manuela9679 @fabioschiano @GerardoDAmico @WRicciardi @FNOMCeO Oh, perch√© immagino che invece gli effetti a lungo termine di un'infezione pregressa da covid19 siano stati ampiamente documentati, giusto?
Chiss√†, magari √® come il virus della varicella, che resta latente nel corpo per tutta la vita e pu√≤ causare altre malattie. Vallo a sapere."
3463,3463,2021-08-29 15:24:44+00:00,LukeRays,1432001276502499332,@Marcellobello35 @stanzaselvaggia @nelloscavo Conosce persone che non abbiano MAI contratto l'influenza nella vita? La probabilit√† di contrarre l'influenza almeno una volta nella vita √® prossima al 100%. Perch√© la probabilit√† di contrarre il COVID-19 nel medio/lungo termine dovrebbe essere diversa?
3819,3819,2021-08-29 18:08:18+00:00,FranceskoNew,1432042441167851528,"@elisaperego78 @robersperanza @ProfPBianchi @FimpP @TigressEllie @Antonio_Caramia @RobiVil @andcapocci @MilaSpicola @LongCovidKids @LongCovidItalia @LongCovidSOS @SIPediatri Infatti questo √® un appello alla comunit√† scientifica libera di questo Paese! Serve un'operazione verit√† su:
üî∏contagio via #aerosol
üî∏#COVID19 e bambini
üî∏#LongCovid

cc @CNRsocial_ @Redazione_ROARS @covidstat_infn @bad_scientists @gianlucac1 @marcocattaneo @Rb_Bat @CaBarbati"
3938,3938,2021-08-29 19:25:19+00:00,marcoconterio,1432061822803324928,"#COVID19 Giorno di positivit√† numero 16.

Le giornate sono infinite, Niccol√≤ a tre anni da compiere mi ricorda ogni minuto che non c'√® un attimo da perdere nella vita e anche poco per rilassarsi. La salute ora c'√®, √® la stanchezza che si fa sentire. Ma la flame rouge √® vicina."
4132,4132,2021-08-29 21:46:43+00:00,MarioCarbonari,1432097406070448132,"@bisagnino4 Attenzione, uno studio della Universit√† di Paperopoli ha finalmente dimostrato gli effetti collaterali a lungo termine dei vaccini anti-Covid19: si diventa tutti Juventini!!!"
4143,4143,2021-08-29 21:55:32+00:00,sandropascucci_,1432099626895687686,"Le morti di influenza in anziani con 3 patologie le hanno chiamate morti-COVID19. Le morti da vaccino le hanno chiamate morti-da-malore, da calore, da urto con civetta, morte da sindrome del pattino lontano dalla riva. Le morti da tentativo di vaccinazione forzata? AUTODIFESA."
4654,4654,2021-08-01 08:52:46+00:00,maelmale,1421755775840661510,"LA SINDROME MULTISISTEMICA √à ASPECIFICA 
QUINDI DIFFICILE DA DEFINIRE, 
CI FARANNO RIENTRARE QUALSIASI COSA
SCATENANDO IL PANICO TRA I GENITORI 
PER CREARE LA SCUSA PER IMPORRE LA VACCINAZIONE COVID19 
ANCHE ALLA FASCIA DI ET√Ä SOTTO GLI 11 ANNI 
E  ANCHE SENZA IL VOSTRO CONSENSO"
4964,4964,2021-08-01 11:11:55+00:00,marc_bottle,1421790794118275083,"Il sogno delle multinazionali farmaceutiche √® quello di avere un'umanit√† affetta da malattie croniche, allo scopo di curarla con farmaci che cronicizzino gli stati patologici, piuttosto che attivare processi di guarigione. #BigPharma #COVID19"
5034,5034,2021-08-01 11:39:54+00:00,Pagliacci8,1421797837784993792,quando si parla di effetti a lungo termine del #vaccino ci si dimentica chi ha DAVVERO degli effetti a lungo termine ancora sconosciuti: il #COVID19
5717,5717,2021-08-01 16:28:28+00:00,dinogargano,1421870457867878413,"E poi ci sono quelli che ..."" Io non mi vaccino perch√© chiss√† che effetti a lungo termine ..."" #ebeti"
6841,6841,2021-07-25 07:19:59+00:00,PaoloPatierno,1419195710856175616,"@RobertoRenga La patente √® obbligatoria per chi vuol portare un automezzo. Lo Stato (per Legge) imponga l'obbligo vaccinale (anti covid19) assumendosi quindi i rischi a breve, medio e lungo termine. Perch√® non lo fa? üòé"
7290,7290,2021-07-25 10:02:20+00:00,AleCamarca,1419236567982477313,"@maurobiani Mauro perdonami ma devi pensare anche a Tommaso, 14 anni admatico cronico che per i medici rischia la pelle se si vaccina. Al cinema ci andranno un giorno insieme lo spero von tutto il cuore, ma quando troveranno le cure per il Covid-19 ( molte gi√† ci sono )."
7317,7317,2021-07-25 10:10:02+00:00,GiorgioMerlani,1419238504610111488,"@AleHumanMovDoc @sebrushworth @SwissScience_TF @alain_berset @normangobbi La relazione COVID-19 e metabolismo non la sbeffeggia nessuno. 
Anzi ! ci sono articoli interessanti sulla #Sindemia ( pandemia da virus combinata ad una epidemia di obesit√†, ipertensione e sindrome metabolica!)"
8036,8036,2021-07-25 14:01:57+00:00,PaolaAuditore,1419296870669639685,@SalvoInUK @Adnkronos Si √® sperimentale la FDA non l‚Äôha mai approvato - √® solo per Emergency use - puoi vedere da te sul sito FDA https://t.co/D5pCULoq0I per approvare i vaccini ci vogliono anni di test - infatti i danni a lungo termine non si conoscono ‚Ä¶
8370,8370,2021-07-25 15:32:51+00:00,CasilinaNews,1419319746433069059,COVID-19 Vaccino Janssen: Controindicazione negli individui con pregressa sindrome da perdita capillare e aggiornamento relativo alla sindrome trombotica trombocitopenica https://t.co/8LG9xkmLMR https://t.co/LzpGh3yNji
8535,8535,2021-07-25 16:23:40+00:00,info_zampa,1419332534954086400,"@lucma66 @oscarwildeste I decessi non sono il solo parametro perch√© come detto sopra questa malattia ancora nuova e di cui non si conoscono tutti gli effetti soprattutto a lungo termine gi√† sappiamo essere causa di #LongCovid in una parte non trascurabile infettati, anche infettati lievi. Inoltre ‚¨áÔ∏è"
8816,8816,2021-07-25 17:46:49+00:00,LAURADEPS,1419353456893116417,"Basta #tg4 mistificare un siero sperimentale per un vaccino tradizionale. i sieri anticovid19 agiscono sulla sindrome, chiamata appunto #Covid19 provocata dal virus #SarsCov2 e da Sistemi Immunitari particolarmente predisposti alla cosiddetta tempesta citochinica 
#FreeVax"
9438,9438,2021-07-25 22:21:19+00:00,plastikid1,1419422540133539840,"@Enneppi Certo, la mortalit√† del vaiolo era del 30%. E il vaccino dava reazioni avverse del 0.0001%, un rapporto rischi/benefici bassissimo.
Cosa sa lei delle reazioni avverse dei vaccini sperimentali #COVID19 a mRNA o vector ed effetti Spike-Protein a lungo termine? Nulla.
#NoGreenPass https://t.co/xOukoW5nw7"
9506,9506,2021-07-25 23:27:41+00:00,Antonio_Caramia,1419439238530088964,"#LongCovid
Indipendentemente dalla gravit√†, a 6mesi dalla malattia
üëâil 61% dei pazienti presenta sintomi persistenti

üëâIl 52% dei giovani con forma lieve della malattia presentano:
Perdita del gusto o dell'olfatto
Fatica
Dispnea
Difficolt√† di concentrazione
Problemi di memoria https://t.co/6NLDEoXNOa"
9510,9510,2021-07-25 23:35:53+00:00,Sara_fromArda,1419441303562096640,"""Covid19 non √® una pandemia, √® una sindrome. Una sindemia, per l'esattezza. La crisi economica che incombe su di noi non sar√† risolta da un farmaco o da un #vaccino. √à necessario un risveglio nazionale di grande portata."" Richard Horton ""The Lancet""
#draghibugiardo"
9721,9721,2021-08-08 06:42:25+00:00,stattiattento,1424259685130059776,"@istsupsan Non si conoscono gli effetti a lungo termine sarebbe una fake? Ma se il primo bugiardino parlava solo di paresi facciale reversibile come effetto grave? E oggi invece Ema e AIFA ci dicono ben altro (vedi foto).. e domani chiss√†, diranno che sono cancerogeni o tossici? #COVID19 https://t.co/NkfME6p9KG"
10114,10114,2021-08-08 09:42:37+00:00,lucabenvet70,1424305037250080768,"@robersperanza Ho 51 anni, consapevole dei rischi che avrei potuto incorrere contagiandomi con #COVID19 mi sono convintamente vaccinato assumendomi ogni responsabilit√†. Ma nei GIOVANI non sussiste un giustificato rapporto RISCHIO/BENEFICIO e dati su effetti collaterali a medio-lungo termine"
10625,10625,2021-08-08 14:01:05+00:00,JoKakamuKazz,1424370081501483016,"Identificatore: 840539006
https://t.co/bHvTrlaDDr causata da sindrome respiratoria acuta grave coronavirus 2 (disturbo)COVID-19
https://t.co/rZE70wl2Jh https://t.co/z2CgrH6DH5"
11218,11218,2021-08-08 17:14:31+00:00,autocostruttore,1424418759905796096,"Un Paese con circa 500 morti diari di tumore, 350 morti per problemi cardiovascolari, 145 per inquinamento...
... Sequestrato per la morte di 11 decessi per Covid-19
Qualcosa non torna."
11253,11253,2021-08-08 17:33:38+00:00,Stef77359537,1424423572731224066,"I guariti di COVID-19 hanno un'immunit√† ampia e a lungo termine

 https://t.co/AZloyJ320s"
11290,11290,2021-08-08 17:52:36+00:00,azangrillo,1424428343450083330,La manifestazione pi√π grave e pericolosa di #LongCovid Syndrome √® continuare a parlare sempre e solo di #COVID19.
11341,11341,2021-08-08 18:19:48+00:00,YanezPeter,1424435189711839243,"Ma com'√® che ancora non gli hanno dato il Nobel per la medicina?

ü§¶‚Äç‚ôÇÔ∏è

 #LongCovid #COVID19"
11627,11627,2021-08-08 21:15:13+00:00,EmmaKump,1424479334576926722,"@ScuolaNoCovid @info_zampa @lucma66 @giusigrasso @svirgola2 @amaryllide1 @Alexi_Lilian @Cippalik @MelgerTina @robertdolci @FranceskoNew @Il_Vitruviano @FZanolli @umanesimo @MusettiGianluca @ironorehopper @semioticmonkey @PMO_W @Lacasespoglia @ChinellatoCarla @emmevilla @FrancescoScati9 @giuseppemaria @Moonlightshad1 @CCKKI @animaleuropeRMP @Alberto_Gerli @giorgiogilestro @GeneraleCujkov @itosettiMD_MBA @AurelianoStingi @luca_biasi @paoloigna1 @PippiCalz @Comunardo @ValerioMinnella @MbPic68 @AdolfoTasinato @LuigiCelli1988 @Amos8125 @Simo_Florence @LongCovidItalia @Keynesblog @robersperanza @WRicciardi @ProfPBianchi @piersileri @Antonio_Caramia @Cartabellotta @MMmarco0 vaccino contro la COVID-19 sui bambini:
da 1,5 % a 3,4 % di reazioni avverse gravi
da 0,6% a 1,7% di eventi avversi gravi immediati
nulla si conosce (perch√© non ci sono dati) su eventi avversi gravi a medio e lungo termine. Non √® priorit√† per OMS,
Il Koch Institut SCONSIGLIA."
11714,11714,2021-08-08 22:43:54+00:00,Nanoalto,1424501650803277828,"#Zangrillo: ""Parlare sempre di covid √® sindrome pi√π pericolosa""
https://t.co/9itz67m5Bm
Ma 'sto coglione non √® mai sazio di figuracce? #COVID19"
11760,11760,2021-08-08 23:53:36+00:00,LongCovidItalia,1424519193219801092,"Magari si parlasse sempre e solo di #LongCovid e dei centiania di migliaia di malati (solo in Italia, milioni nel mondo) giovani e precedentemente sani con invalidit√† da oltre un anno, gravi danni multi-organo e multi-sistema."
11767,11767,2021-08-09 00:02:17+00:00,RobyRob64,1424521379416772610,"E infatti da questa sindrome √® affetta, gravemente, la Tv di regime!
Gli unici despoti in Europa: GOVERNO E MAINTREAM ITALIANI.
VERGOGNA!
@FratellidItalia @borghi_claudio @VittorioSgarbi @byoblu @RadioRadioWeb @rtl1025 @radiodeejay @CanaleItalia"
12130,12130,2021-08-15 09:32:44+00:00,kattolikamente,1426839263052713984,"Analisi Difesa, rischi e benefici del vaccino. Una ottima sintesi con un possibile scenarii del medio e lungo termine. Vale la pena per i giovani? #Covid_19 #COVID19 #vaccino #vaccinatevi_e_basta #greenpass https://t.co/G2WDA8nQWM"
12214,12214,2021-08-15 10:47:27+00:00,LongCovidItalia,1426858067027714048,"@Patriziapattys allora Sara Gandini -con cui su facebook ho anche molti amici in comune- mi dispiace dirlo ma persegue una posizione puramente ideologica ed anti-scientifica su emergenza #COVID19 e #LongCovid che va praticamente a combaciare con posizioni della destra. 
üëá https://t.co/YDTtShaxhv"
12305,12305,2021-08-15 12:05:57+00:00,Mimmobale,1426877820379226114,I farmaci e i vaccini a base di anticorpi contro la sindrome respiratoria acuta grave coronavirus 2 (SARS-CoV-2) vengono accelerati attraverso lo sviluppo preclinico e clinico. I dati dello studio su SARS-CoV e altri virus respiratori suggeriscono che gli anticorpi anti-SARS-CoV-
12340,12340,2021-08-15 12:36:20+00:00,CarloPoltronier,1426885469489573889,"Un ennesimo articolo a prova del fatto che chi guarisce dal covid-19 sviluppa un'immunit√† a lungo termine. #covid19
https://t.co/nP60r7KbV4"
12395,12395,2021-08-15 13:13:49+00:00,Ticinonline,1426894902739279874,¬´Soffro di long covid e sono sull'orlo della disperazione¬ª #svizzera  #coronavirus  #longcovid https://t.co/Xpf3bMXjYh
12698,12698,2021-08-15 15:38:28+00:00,laperlaneranera,1426931302264082440,"""SILENZIO NEI MASS-MEDIA""
#Ema esamina nuovi possibili Effetti Collaterali Vaccini mRNA contro Covid-19 - 
L'Eritema Multiforme,
la Glomerulonefrite e la Sindrome Nefrosica, 
disturbi legati ai reni, 
sono al vaglio del comitato di sicurezza dell'Ema.
https://t.co/ysk34tLrRo"
13869,13869,2021-08-22 10:33:51+00:00,SerenettaMonti,1429391361007136776,@parens12 @MGrecoMD Seguendo l'hashtag #LongCovid o persone come @MartaEsperti e @elisaperego78 pu√≤ avere una panoramica di cosa succede dopo forme severe di #COVID19
14175,14175,2021-08-22 13:05:02+00:00,Exportiamo,1429429405420605441,"#SummerExportiamo - Il Coronavirus ha profondamente trasformato le nostre esigenze legate a viaggi e vacanze, delineando nuove tendenze che l‚Äôindustria turistica non potr√† pi√π ignorare. Scopriamo insieme quali saranno i trend del turismo post-Covid! üëá
https://t.co/wBuLW6TkiU"
