,Date,User,Tweet_id,Tweet,sent_label,class_label
1782,2020-11-15 10:00:14+00:00,ildottormea,1327914296840515586,"Il piano di vaccinazione per #coronavirus necessita di un' organizzazione capillare, non corrotta, efficiente, con le giuste competenze al posto giusto. Anche la carenza di siringhe diventerebbe problema, e gi√† vedo a febbraio i titoli sui quotidiani che si poteva fare meglio",-1,0
370,2020-10-18 10:54:22+00:00,marielSiviglia,1317781059728232448,"Precisazione doverosa: le mascherine sono un regalo formidabile a patologie pi√π gravi del covid19.
Non sfido nessuno a dimostrare il contrario.",0,0
2687,2020-12-27 09:45:47+00:00,prolocobasilica,1343130952567058433,"Al via la campagna vaccinazione anti #Covid19 
√à un grande #giorno üåà
Tutti #insiemecelafaremo üíï
L' #Italia üáÆüáπ rinasce üå∫
 #StopCovid https://t.co/LBYoxtIF7A",1,0
1098,2020-11-01 11:41:05+00:00,giacomopapi,1322866245839003649,¬´Non indispensabili¬ª?!?,0,0
1557,2020-11-02 00:14:03+00:00,climax761,1323055735576666112,"Intere famiglie rinunciano a comprare il pane perch√©, non potendo lavorare, non guadagnano.

Molti invece non riescono a rinunciare all' aperitivo domenicale sul lungomare?

Non servono eroi o salvatori della patria... Ma servono solo cittadini di BUON SENSO.

#COVID19",-1,0
1947,2020-11-15 18:05:30+00:00,PreduRuju,1328036416480276484,Sacrosanto!,0,0
57,2020-10-04 11:59:59+00:00,DemosuMarte,1312724143427772417,C'√® Contessa nei TT ed io pensavo al cantante de i Cani positivo al Covid-19,0,0
2412,2020-12-13 09:06:23+00:00,giuaddo99,1338047606262554624,Eppure ci dicono tutti i giorni in #TV  che siamo stati presi ad esempio in tutto il Mondo! Bene ecco la triste realt√† dei numeri! #COVID19 @Mov5Stelle @robersperanza @GiuseppeConteIT @nzingaretti @fattoquotidiano https://t.co/lWkzjsYu2u,-1,0
744,2020-10-25 13:04:32+00:00,Oldgenoa,1320350532909891584,Grazie alla @GiorgiaMeloni a Salvini ed al fantoccio di F.I.,0,0
1099,2020-11-01 11:41:13+00:00,EnricoColtri1,1322866280966344707,"Dico, ma vi rendete conto di chi avete appena rieletto?
""Persone non indispensabili allo sforzo produttivo""
Una autentica mostruosit√†.",-1,0
2437,2020-12-13 13:28:36+00:00,COLIZZIALMERICO,1338113595100565504,"üò∑ #Coronavirus, #Campania blindata. Forze dell‚Äôordine gi√† in strada, multe e sanzioni.",0,0
434,2020-10-18 15:24:54+00:00,terry50mm,1317849140827770882,Vorrei vedere la sessuologa come lo fa.,0,0
2240,2020-11-29 19:29:28+00:00,notiziando_news,1333130980014624770,#Coronavirus: il bollettino di oggi Domenica 29 Novembre 2020 https://t.co/Slb3K1D8IU,0,0
1079,2020-11-01 11:27:09+00:00,_Blackmount_,1322862738964664325,"""NON INDISPENDABILI ALLO SFORZO PRODUTTIVO DEL PAESE""
Ma questo √® un coglione. Mancare di rispetto alle famiglie con un tweet disgustoso.",-1,0
694,2020-10-25 11:35:10+00:00,OcchiniSilvio,1320328042779185152,Sacrosanto.,0,0
1144,2020-11-01 12:05:03+00:00,AvvGiannini,1322872276723900416,"Un coglione , il cui profilo tweeter √® gestito da dei coglioni. #Totti",-1,0
1280,2020-11-01 14:22:50+00:00,KKFabioKK,1322906952318541826,Gli hanno senza dubbio hackerato l‚Äôaccount. Che Twitter provveda ad eliminare questa vergogna!,0,0
124,2020-10-04 19:01:04+00:00,Lellasilvi,1312830112069550080,"@stanzaselvaggia Selvaggia, non toccare i gobbi che ti si rivoltano contro peggio che i bambini quando gli tocchi le patatine. Il coronavirus √® come la maionese, come il ketchup per loro.",0,0
790,2020-10-25 15:25:59+00:00,ntonioGiordano,1320386131255578624,"In lieve calo i¬†#tamponi effettuati nelle ultime 24 ore (177.669), circa 4.300 meno di ieri.¬† Sono invece 2.309 i #guariti odierni.¬† Sono invece 203.182 gli attualmente positivi al #COVID19, con un incremento di 17.180 unit√† da ieri.",0,0
1921,2020-11-15 17:14:01+00:00,Michele02828265,1328023462259154946,"@RadioMariaITA siete degli irresponsabili oscurantisti. Vergognatevi  !!

Radio Maria: ""Il coronavirus √® un complotto sotto l'impulso di Satana"" https://t.co/Pb6pLT67xO via @repubblica",-1,0
1074,2020-11-01 11:25:51+00:00,lasimo77,1322862412203253762,Ditemi che non √® serio...,0,0
2001,2020-11-15 20:42:50+00:00,smunaylla,1328076010856861696,"Non oso immaginare il dolore di chi NON HA IL PERMESSO di raggiungere il proprio fidanzato/a, compagno/a, figli e genitori.. √® devastante non avere scelta. Star lontano da chi si ama √® quasi una violenza al cuore. In sicurezza si pu√≤ fare, essendo coscienti si pu√≤. #congiunti",-1,0
985,2020-11-01 07:25:34+00:00,paoloangeloRF,1322801942758830080,"@lilasart grazie e e piacere, mio pezzo se interessa https://t.co/8wS9Z7rmuV",0,0
2699,2020-12-27 10:35:41+00:00,Riccardi_FVG,1343143509981859840,"Oggi a #Palmanova, nella sede centrale della @ProtCivReg_FVG, parte una nuova fase nella lotta a #COVID19: la somministrazione del #vaccino inizia dagli operatori sanitari e dalle persone pi√π fragili per poi estendersi a tutta la popolazione.

#27dicembre #VaxDay in #FVG https://t.co/Z0yH2ysEwz",0,0
2723,2020-12-27 12:41:13+00:00,RexVonKostia,1343175099034161152,"Produci, Contagia, Crepa. La logica del Profitto ai tempi del #coronavirus #covid19 #music #spotify #applemusic #deezer #capitalism @ Italy https://t.co/W6fg5zI4wS",-1,0
323,2020-10-18 04:31:43+00:00,DuilioFilomeni,1317684761318608897,Lilli Gruber sempre a sinistra https://t.co/BCw38QRRWA,0,0
2480,2020-12-13 20:34:36+00:00,pietrocristof12,1338220799426256899,"@MattiaCristofa2 @DiSantita IL SIGNORE sta utilizzando il Coronavirus e la piaga delle cavallette per attirare l'attenzione dell'umanit√†, che EGLI ha zero tolleranza al peccato e per istruire il mondo intero ad allontanarsi dalla malvagit√† e abbracciare il RAVVEDIMENTO #PowerfulSundayExpo",0,0
2668,2020-12-27 08:18:34+00:00,Riccardi_FVG,1343109003375751168,üî¥ Alcune immagini dei primi vaccinati anti - #COVID19 in #FriuliVeneziaGiulia ‚§µÔ∏è https://t.co/UdgaWVLUfS,0,0
1567,2020-11-08 08:54:22+00:00,Rosy87234986,1325361006856597504,"S√¨, non c'√® che dire:
Con i barconi non arrivano
-n√© terroristi
-n√© covid-19
Qualcosa la dovevano pur dire se un terzo del Parlamento ha arraffato voti con ""obiettivo SBARCHI ZERO"",
e  ha quasi diramato inviti ai clandestini,anche positivi
https://t.co/bsx4FzknGl https://t.co/pfgHvJQ85V",0,0
2635,2020-12-20 21:54:34+00:00,NathanDelMare,1340777642132422658,Il #COVID19 si √® evoluto .,0,0
1893,2020-11-15 16:02:02+00:00,Mariagr52172957,1328005345474646016,La scoperta dell‚ÄôIstituto Tumori Milano: ‚ÄúCoronavirus in Italia gi√† da settembre 2019‚Äù  https://t.co/iCterc6g9Q via @LaStampa,0,0
2408,2020-12-13 08:50:22+00:00,owl1957,1338043575846785024,@RaffiPas ü§£ü§£ü§£ü§£ü§£ü§£ ci deve avere il covid-19 pure lui,1,0
781,2020-10-25 14:51:34+00:00,Sonia04714337,1320377469875179526,"I portavoce di Conte e Mattarella positivi al coronavirus

https://t.co/oEOa6y7HAI

via @updayIT",0,0
1339,2020-11-01 16:51:10+00:00,StbJessy,1322944283381477376,"Si chiude, non si chiude, bonus, ristori, 200%, 400% rimangono aperti solo i fondamentali, scuole aperte, no chiuse. ecc.#COVID19  #Lockdown2 #ConteOut #parlamento #Governodincapaci https://t.co/XBcr7H36mQ",-1,0
1909,2020-11-15 16:47:38+00:00,MaxBraz1,1328016824445890562,Maledetto covid e i cinesi..üôèüôè,-1,0
2315,2020-12-06 15:44:10+00:00,GianelleMauriz7,1335610997537648644,"@Viminale 
√à da giugno che il centro destra
Fa ASSEMBRAMENTI
Ovunque!
Siete responsabili della seconda ondata covid19
Grazie alle prefetture d Italia 
Abbiamo avuto la seconda ondata!

Perch√© il centro destra pu√≤ fare tutto?
E i prefetti sono complici!",-1,0
171,2020-10-11 08:52:01+00:00,Mediagol,1315213554715222016,"#HellasVerona, nuovo caso di #Coronavirus in #SerieA: comunicata la positivit√† di G√ºnter https://t.co/R6s3U0REat",0,0
1948,2020-11-15 18:06:21+00:00,mariellapallini,1328036630331056130,¬´Il Covid circolava in Italia gi√† dall‚Äôestate del 2019¬ª: la ricerca dell'Istituto dei Tumori di Milano https://t.co/dOPzpGK6zW,0,0
2023,2020-11-15 21:47:31+00:00,alessia_smile6,1328092290091544576,""" la germania √® minacciata da una dittatura del coronavirus?? il presidente della corte costituzionale federale afferma: non siamo in uno stato di emergenza la libert√† dei diritti fondamentali non significa il diritto all'autorealizzazione a qualsiasi prezzo """,0,0
854,2020-10-25 18:06:17+00:00,ClaudiaFanelli8,1320426471404511236,@FiglioNico @NicolaColucci19 @DiSantita ‚ÄúQuando vedete il Coronavirus sappiate che la terra non √® la nostra casa‚Äù #SuperSundayRevival,0,0
738,2020-10-25 12:57:10+00:00,bologninistefan,1320348676502544386,"‚ùå‚ùå #DPCM CONTE ‚ùå‚ùå

Non credo che il #Governo uccidendo #bar, #ristoranti e pubblici esercizi salver√† il paese. Anzi ...

#bologninilombardia #legamilano #COVID„Éº19 #COVID19 #COVID19italia #forzalombardia #FermiamoloInsieme https://t.co/qrgE9l1Rff",-1,0
34,2020-10-04 09:09:59+00:00,salvaetore74,1312681359777902592,"Facciamo
Tutto Seguendo
Le "" Nuove "" ...Regole

Aiutiamo
Questa Buona Causa

Contro Il Covid-19 https://t.co/n15eSVOCRm",1,0
990,2020-11-01 07:44:13+00:00,marielSiviglia,1322806638366085121,"2000 euro per ogni ricovero covid19. Vergogna Italia Vergogna Europa 
Altro che #RecoveryFund....",-1,0
759,2020-10-25 13:29:28+00:00,erne1976,1320356806217076736,"Non abbiamo soldi, ma lui indenizzera' tutte le persone. Sei ridicolo @GiuseppeConteIT",-1,0
528,2020-10-18 19:48:18+00:00,LoveMi66833922,1317915429680128009,"@GiuseppeConteIT IL CONCORSO SCUOLA....STOPPALO! MA FATE FINTA DI NON SENTIRE ?????????????????
@pdnetwork #coronavirus #COVID19 #Dpcm",-1,0
2813,2021-01-03 08:05:24+00:00,tittymammucari,1345642404825718784,"@fabriziochiodo vaccino etico
Orgogliosi di lei üáÆüáπüá®üá∫
Coronavirus, il ricercatore italiano e il vaccino etico prodotto a Cuba - Il Sole 24 ORE @sole24ore https://t.co/qFsNsUgxF8",1,0
2072,2020-11-22 10:14:43+00:00,MegaleHellas,1330454655021830147,La Cura Ascierto alimenta la speranza: ‚ÄúPer i ricercatori britannici √® lo standard per guarire polmoniti da coronavirus‚Äù https://t.co/HNW6f46dy2 via @ilriformista,1,0
450,2020-10-18 16:28:06+00:00,Emiliano_IFNweb,1317865047834722312,Con la #mascherina e il cappotto siete tutte pi√π fighe ma di cosa vi lamentate? #covid19 #Dpcm #FashionWeek,0,0
1468,2020-11-01 20:12:18+00:00,Domenicodenton1,1322994897817882624,Sempre con il sedere degli altri! Ma vafff...,-1,0
1550,2020-11-01 23:37:07+00:00,JessicaHill91,1323046440839630853,Sono sempre di pi√π i giorni in cui non ce la faccio psicologicamente ad affrontare tutta questa situazione con tutto ci√≤ che comporta. Mi confermate che √® normale? Sono proprio stanca mentalmente ... e triste. #COVID19 #lockdownitalia,-1,0
